Company,PipelineID,InspectionDate,FeatureID,FeatureType,Location_km,Depth_mm,Length_mm,Width_mm,Severity,RepairRecommended
FakePipeCo,PIPE-001,2025-09-30,PIPE-001-FTR-0001,Crack,48.48,13.67,65.95,52.8,Low,True
FakePipeCo,PIPE-001,2025-09-30,PIPE-001-FTR-0002,Weld Anomaly,38.76,3.97,83.17,86.37,Medium,True
FakePipeCo,PIPE-001,2025-09-30,PIPE-001-FTR-0003,Dent,46.97,2.6,171.72,67.58,High,True
FakePipeCo,PIPE-001,2025-09-30,PIPE-001-FTR-0004,Crack,44.74,7.6,70.22,20.48,High,False
FakePipeCo,PIPE-001,2025-09-30,PIPE-001-FTR-0005,Crack,29.89,14.79,42.2,11.7,Medium,True
FakePipeCo,PIPE-001,2025-09-30,PIPE-001-FTR-0006,Weld Anomaly,46.09,4.01,115.79,66.03,Medium,True
FakePipeCo,PIPE-001,2025-09-30,PIPE-001-FTR-0007,Dent,4.42,10.25,187.87,7.52,High,False
FakePipeCo,PIPE-001,2025-09-30,PIPE-001-FTR-0008,Dent,9.8,11.54,142.25,60.65,High,True
FakePipeCo,PIPE-001,2025-09-30,PIPE-001-FTR-0009,Crack,2.26,3.95,118.31,94.32,Medium,True
FakePipeCo,PIPE-001,2025-09-30,PIPE-001-FTR-0010,Corrosion,16.27,11.06,28.46,59.67,High,True
FakePipeCo,PIPE-001,2025-09-30,PIPE-001-FTR-0011,Crack,19.43,5.83,126.85,41.88,Low,True
FakePipeCo,PIPE-001,2025-09-30,PIPE-001-FTR-0012,Crack,13.57,9.67,198.11,66.11,Low,True
FakePipeCo,PIPE-001,2025-09-30,PIPE-001-FTR-0013,Crack,41.44,9.69,36.62,48.53,Medium,False
FakePipeCo,PIPE-001,2025-09-30,PIPE-001-FTR-0014,Crack,17.84,8.27,108.48,56.83,Medium,True
FakePipeCo,PIPE-001,2025-09-30,PIPE-001-FTR-0015,Weld Anomaly,14.05,1.81,176.7,94.44,Medium,True
FakePipeCo,PIPE-001,2025-09-30,PIPE-001-FTR-0016,Dent,27.13,12.61,150.75,41.68,Low,True
FakePipeCo,PIPE-001,2025-09-30,PIPE-001-FTR-0017,Weld Anomaly,7.05,5.15,142.43,96.31,High,True
FakePipeCo,PIPE-001,2025-09-30,PIPE-001-FTR-0018,Weld Anomaly,40.11,3.2,143.47,91.01,Low,True
FakePipeCo,PIPE-001,2025-09-30,PIPE-001-FTR-0019,Weld Anomaly,3.73,1.09,78.3,23.6,High,False
FakePipeCo,PIPE-001,2025-09-30,PIPE-001-FTR-0020,Crack,49.34,9.07,65.78,11.59,Low,True
FakePipeCo,PIPE-001,2025-09-30,PIPE-001-FTR-0021,Corrosion,38.61,10.32,163.78,14.57,High,False
FakePipeCo,PIPE-001,2025-09-30,PIPE-001-FTR-0022,Dent,9.94,0.74,163.92,6.73,Low,False
FakePipeCo,PIPE-001,2025-09-30,PIPE-001-FTR-0023,Corrosion,0.28,7.93,174.74,13.97,Medium,True
FakePipeCo,PIPE-001,2025-09-30,PIPE-001-FTR-0024,Weld Anomaly,40.77,3.78,183.52,69.89,Low,True
FakePipeCo,PIPE-001,2025-09-30,PIPE-001-FTR-0025,Weld Anomaly,35.34,9.86,107.16,11.76,High,True
FakePipeCo,PIPE-001,2025-09-30,PIPE-001-FTR-0026,Corrosion,36.45,3.03,105.29,35.3,Low,True
FakePipeCo,PIPE-001,2025-09-30,PIPE-001-FTR-0027,Corrosion,38.56,10.52,161.68,85.26,Low,False
FakePipeCo,PIPE-001,2025-09-30,PIPE-001-FTR-0028,Corrosion,3.7,6.11,133.49,7.21,Low,True
FakePipeCo,PIPE-001,2025-09-30,PIPE-001-FTR-0029,Weld Anomaly,17.92,14.08,143.37,82.37,Medium,True
FakePipeCo,PIPE-001,2025-09-30,PIPE-001-FTR-0030,Weld Anomaly,5.79,2.49,161.2,31.78,Low,True
FakePipeCo,PIPE-001,2025-09-30,PIPE-001-FTR-0031,Dent,43.16,5.45,179.1,16.23,Medium,True
FakePipeCo,PIPE-001,2025-09-30,PIPE-001-FTR-0032,Dent,31.16,2.15,74.22,71.19,Medium,True
FakePipeCo,PIPE-001,2025-09-30,PIPE-001-FTR-0033,Weld Anomaly,16.54,13.91,81.36,64.75,Low,True
FakePipeCo,PIPE-001,2025-09-30,PIPE-001-FTR-0034,Corrosion,3.18,13.22,27.86,88.36,Low,False
FakePipeCo,PIPE-001,2025-09-30,PIPE-001-FTR-0035,Corrosion,15.55,4.24,119.87,74.83,Low,False
FakePipeCo,PIPE-001,2025-09-30,PIPE-001-FTR-0036,Dent,16.26,10.07,16.83,81.33,High,True
FakePipeCo,PIPE-001,2025-09-30,PIPE-001-FTR-0037,Weld Anomaly,36.48,12.35,98.46,31.79,Low,True
FakePipeCo,PIPE-001,2025-09-30,PIPE-001-FTR-0038,Dent,31.88,8.55,113.1,21.86,Medium,True
FakePipeCo,PIPE-001,2025-09-30,PIPE-001-FTR-0039,Dent,44.36,8.18,64.44,76.31,Low,False
FakePipeCo,PIPE-001,2025-09-30,PIPE-001-FTR-0040,Crack,23.61,4.01,122.26,81.65,High,True
FakePipeCo,PIPE-001,2025-09-30,PIPE-001-FTR-0041,Crack,5.98,1.85,15.8,99.1,Low,False
FakePipeCo,PIPE-001,2025-09-30,PIPE-001-FTR-0042,Crack,35.66,13.51,17.1,44.2,High,True
FakePipeCo,PIPE-001,2025-09-30,PIPE-001-FTR-0043,Corrosion,38.04,13.56,166.29,40.34,High,True
FakePipeCo,PIPE-001,2025-09-30,PIPE-001-FTR-0044,Weld Anomaly,28.06,9.68,78.44,78.76,Low,True
FakePipeCo,PIPE-001,2025-09-30,PIPE-001-FTR-0045,Weld Anomaly,38.55,5.42,34.14,37.38,Medium,True
FakePipeCo,PIPE-001,2025-09-30,PIPE-001-FTR-0046,Weld Anomaly,24.69,5.56,109.23,93.42,High,False
FakePipeCo,PIPE-001,2025-09-30,PIPE-001-FTR-0047,Weld Anomaly,26.14,11.03,156.3,86.55,Low,False
FakePipeCo,PIPE-001,2025-09-30,PIPE-001-FTR-0048,Crack,21.38,13.51,51.01,45.75,Low,True
FakePipeCo,PIPE-001,2025-09-30,PIPE-001-FTR-0049,Corrosion,1.27,13.36,128.35,76.33,Medium,True
FakePipeCo,PIPE-001,2025-09-30,PIPE-001-FTR-0050,Corrosion,5.39,11.81,26.22,76.68,High,False
FakePipeCo,PIPE-001,2025-09-30,PIPE-001-FTR-0051,Crack,1.57,9.81,19.82,14.8,High,False
FakePipeCo,PIPE-001,2025-09-30,PIPE-001-FTR-0052,Corrosion,31.82,1.72,110.96,90.74,Low,False
FakePipeCo,PIPE-001,2025-09-30,PIPE-001-FTR-0053,Crack,15.72,2.84,112.72,53.0,Low,False
FakePipeCo,PIPE-001,2025-09-30,PIPE-001-FTR-0054,Weld Anomaly,25.43,13.53,131.11,83.51,Medium,True
FakePipeCo,PIPE-001,2025-09-30,PIPE-001-FTR-0055,Crack,45.38,9.29,147.96,35.4,Medium,False
FakePipeCo,PIPE-001,2025-09-30,PIPE-001-FTR-0056,Weld Anomaly,12.46,0.63,195.41,90.07,High,True
FakePipeCo,PIPE-001,2025-09-30,PIPE-001-FTR-0057,Weld Anomaly,20.52,1.97,108.1,41.97,High,False
FakePipeCo,PIPE-001,2025-09-30,PIPE-001-FTR-0058,Dent,37.78,10.12,71.36,6.03,Low,False
FakePipeCo,PIPE-001,2025-09-30,PIPE-001-FTR-0059,Crack,11.44,0.57,161.09,91.01,High,False
FakePipeCo,PIPE-001,2025-09-30,PIPE-001-FTR-0060,Dent,3.85,2.83,61.46,13.67,Medium,False
FakePipeCo,PIPE-001,2025-09-30,PIPE-001-FTR-0061,Crack,14.49,8.46,93.4,35.33,Medium,False
FakePipeCo,PIPE-001,2025-09-30,PIPE-001-FTR-0062,Crack,8.06,10.53,24.91,95.26,Low,True
FakePipeCo,PIPE-001,2025-09-30,PIPE-001-FTR-0063,Dent,46.48,9.95,14.82,95.31,Medium,True
FakePipeCo,PIPE-001,2025-09-30,PIPE-001-FTR-0064,Dent,40.41,3.75,192.9,59.48,Medium,False
FakePipeCo,PIPE-001,2025-09-30,PIPE-001-FTR-0065,Crack,31.67,10.83,168.84,65.02,Medium,False
FakePipeCo,PIPE-001,2025-09-30,PIPE-001-FTR-0066,Corrosion,43.57,3.94,142.24,47.6,Medium,True
FakePipeCo,PIPE-001,2025-09-30,PIPE-001-FTR-0067,Weld Anomaly,40.18,5.22,87.7,32.86,Low,False
FakePipeCo,PIPE-001,2025-09-30,PIPE-001-FTR-0068,Dent,9.33,11.32,42.93,36.22,Low,False
FakePipeCo,PIPE-001,2025-09-30,PIPE-001-FTR-0069,Weld Anomaly,44.63,9.92,39.72,68.89,High,True
FakePipeCo,PIPE-001,2025-09-30,PIPE-001-FTR-0070,Corrosion,26.97,12.81,57.55,76.48,Medium,False
FakePipeCo,PIPE-001,2025-09-30,PIPE-001-FTR-0071,Corrosion,40.37,10.04,114.35,80.2,High,False
FakePipeCo,PIPE-001,2025-09-30,PIPE-001-FTR-0072,Corrosion,44.8,8.74,145.77,80.01,Low,True
FakePipeCo,PIPE-001,2025-09-30,PIPE-001-FTR-0073,Dent,15.9,1.86,135.44,13.66,Low,True
FakePipeCo,PIPE-001,2025-09-30,PIPE-001-FTR-0074,Corrosion,5.5,5.83,63.19,51.97,Low,True
FakePipeCo,PIPE-001,2025-09-30,PIPE-001-FTR-0075,Dent,11.4,4.35,191.42,10.47,Low,False
FakePipeCo,PIPE-001,2025-09-30,PIPE-001-FTR-0076,Corrosion,21.36,4.04,150.2,57.21,Low,True
FakePipeCo,PIPE-001,2025-09-30,PIPE-001-FTR-0077,Weld Anomaly,40.9,14.61,115.33,46.95,Low,True
FakePipeCo,PIPE-001,2025-09-30,PIPE-001-FTR-0078,Weld Anomaly,43.04,6.2,126.23,89.33,Low,True
FakePipeCo,PIPE-001,2025-09-30,PIPE-001-FTR-0079,Crack,0.35,13.43,89.72,38.34,Medium,True
FakePipeCo,PIPE-001,2025-09-30,PIPE-001-FTR-0080,Weld Anomaly,25.54,9.65,57.07,16.12,High,True
FakePipeCo,PIPE-001,2025-09-30,PIPE-001-FTR-0081,Crack,20.87,12.02,77.63,18.58,Low,True
FakePipeCo,PIPE-001,2025-09-30,PIPE-001-FTR-0082,Weld Anomaly,11.11,7.79,153.99,77.34,Medium,False
FakePipeCo,PIPE-001,2025-09-30,PIPE-001-FTR-0083,Dent,5.99,8.87,12.73,63.73,Medium,False
FakePipeCo,PIPE-001,2025-09-30,PIPE-001-FTR-0084,Weld Anomaly,16.88,7.64,32.05,14.61,High,True
FakePipeCo,PIPE-001,2025-09-30,PIPE-001-FTR-0085,Crack,47.15,3.33,18.74,12.99,Low,True
FakePipeCo,PIPE-001,2025-09-30,PIPE-001-FTR-0086,Crack,16.16,10.98,17.74,71.59,High,True
FakePipeCo,PIPE-001,2025-09-30,PIPE-001-FTR-0087,Corrosion,25.94,4.57,172.54,11.91,Low,False
FakePipeCo,PIPE-001,2025-09-30,PIPE-001-FTR-0088,Dent,35.15,0.85,143.69,83.08,Medium,False
FakePipeCo,PIPE-001,2025-09-30,PIPE-001-FTR-0089,Weld Anomaly,18.18,9.86,100.09,72.09,Medium,False
FakePipeCo,PIPE-001,2025-09-30,PIPE-001-FTR-0090,Corrosion,48.59,3.07,28.59,12.73,Medium,False
FakePipeCo,PIPE-001,2025-09-30,PIPE-001-FTR-0091,Weld Anomaly,48.12,14.14,103.41,13.06,Medium,False
FakePipeCo,PIPE-001,2025-09-30,PIPE-001-FTR-0092,Weld Anomaly,12.59,14.33,99.96,98.73,High,False
FakePipeCo,PIPE-001,2025-09-30,PIPE-001-FTR-0093,Corrosion,24.86,13.77,42.91,40.56,Low,False
FakePipeCo,PIPE-001,2025-09-30,PIPE-001-FTR-0094,Corrosion,15.04,5.87,92.43,40.21,Low,False
FakePipeCo,PIPE-001,2025-09-30,PIPE-001-FTR-0095,Corrosion,14.24,0.72,85.72,82.22,High,False
FakePipeCo,PIPE-001,2025-09-30,PIPE-001-FTR-0096,Corrosion,1.84,13.96,127.01,94.99,Low,True
FakePipeCo,PIPE-001,2025-09-30,PIPE-001-FTR-0097,Corrosion,30.48,6.71,130.67,98.67,Medium,True
FakePipeCo,PIPE-001,2025-09-30,PIPE-001-FTR-0098,Weld Anomaly,25.13,14.52,18.61,76.57,Low,True
FakePipeCo,PIPE-001,2025-09-30,PIPE-001-FTR-0099,Corrosion,2.57,14.47,81.18,40.74,Medium,True
FakePipeCo,PIPE-001,2025-09-30,PIPE-001-FTR-0100,Dent,13.93,12.87,128.91,12.93,High,False
ImaginaryFlow,PIPE-002,2025-09-30,PIPE-002-FTR-0001,Weld Anomaly,37.41,11.1,73.69,18.31,Medium,True
ImaginaryFlow,PIPE-002,2025-09-30,PIPE-002-FTR-0002,Dent,9.23,14.11,162.54,87.5,High,False
ImaginaryFlow,PIPE-002,2025-09-30,PIPE-002-FTR-0003,Corrosion,10.47,3.13,10.88,51.31,Low,True
ImaginaryFlow,PIPE-002,2025-09-30,PIPE-002-FTR-0004,Dent,18.52,1.46,73.36,89.98,High,False
ImaginaryFlow,PIPE-002,2025-09-30,PIPE-002-FTR-0005,Weld Anomaly,24.23,11.25,85.65,80.99,Low,False
ImaginaryFlow,PIPE-002,2025-09-30,PIPE-002-FTR-0006,Crack,30.91,8.83,112.11,45.4,High,True
ImaginaryFlow,PIPE-002,2025-09-30,PIPE-002-FTR-0007,Weld Anomaly,18.45,12.71,184.77,7.13,Medium,False
ImaginaryFlow,PIPE-002,2025-09-30,PIPE-002-FTR-0008,Corrosion,23.13,2.53,75.81,30.52,High,True
ImaginaryFlow,PIPE-002,2025-09-30,PIPE-002-FTR-0009,Crack,37.37,12.03,75.92,56.46,High,False
ImaginaryFlow,PIPE-002,2025-09-30,PIPE-002-FTR-0010,Corrosion,1.83,3.42,150.13,65.18,Low,True
ImaginaryFlow,PIPE-002,2025-09-30,PIPE-002-FTR-0011,Crack,12.62,2.87,95.92,29.5,Medium,True
ImaginaryFlow,PIPE-002,2025-09-30,PIPE-002-FTR-0012,Dent,35.67,2.88,52.67,18.24,High,False
ImaginaryFlow,PIPE-002,2025-09-30,PIPE-002-FTR-0013,Dent,44.76,12.31,95.96,84.32,Medium,False
ImaginaryFlow,PIPE-002,2025-09-30,PIPE-002-FTR-0014,Dent,25.58,10.15,36.76,98.52,High,True
ImaginaryFlow,PIPE-002,2025-09-30,PIPE-002-FTR-0015,Weld Anomaly,26.61,8.08,43.51,54.94,High,False
ImaginaryFlow,PIPE-002,2025-09-30,PIPE-002-FTR-0016,Corrosion,5.36,5.7,104.69,21.31,Medium,False
ImaginaryFlow,PIPE-002,2025-09-30,PIPE-002-FTR-0017,Weld Anomaly,22.37,13.22,89.6,30.87,High,True
ImaginaryFlow,PIPE-002,2025-09-30,PIPE-002-FTR-0018,Dent,26.63,6.19,183.82,6.75,Medium,True
ImaginaryFlow,PIPE-002,2025-09-30,PIPE-002-FTR-0019,Corrosion,12.12,12.34,78.85,91.86,High,False
ImaginaryFlow,PIPE-002,2025-09-30,PIPE-002-FTR-0020,Dent,13.46,6.87,120.31,16.19,Low,True
ImaginaryFlow,PIPE-002,2025-09-30,PIPE-002-FTR-0021,Weld Anomaly,18.86,5.97,130.13,59.77,Medium,True
ImaginaryFlow,PIPE-002,2025-09-30,PIPE-002-FTR-0022,Weld Anomaly,1.0,7.21,12.49,31.04,High,True
ImaginaryFlow,PIPE-002,2025-09-30,PIPE-002-FTR-0023,Weld Anomaly,16.1,4.87,136.07,57.65,High,False
ImaginaryFlow,PIPE-002,2025-09-30,PIPE-002-FTR-0024,Dent,10.57,11.34,43.83,66.88,Low,False
ImaginaryFlow,PIPE-002,2025-09-30,PIPE-002-FTR-0025,Corrosion,16.37,7.79,192.6,83.83,Medium,True
ImaginaryFlow,PIPE-002,2025-09-30,PIPE-002-FTR-0026,Corrosion,5.99,3.87,38.25,24.61,High,False
ImaginaryFlow,PIPE-002,2025-09-30,PIPE-002-FTR-0027,Dent,44.53,13.54,88.78,6.04,Low,True
ImaginaryFlow,PIPE-002,2025-09-30,PIPE-002-FTR-0028,Corrosion,29.68,6.07,26.22,18.0,High,False
ImaginaryFlow,PIPE-002,2025-09-30,PIPE-002-FTR-0029,Dent,33.96,8.38,199.41,90.5,Medium,True
ImaginaryFlow,PIPE-002,2025-09-30,PIPE-002-FTR-0030,Corrosion,39.46,13.64,105.42,88.02,High,True
ImaginaryFlow,PIPE-002,2025-09-30,PIPE-002-FTR-0031,Crack,24.92,9.55,123.12,61.75,High,False
ImaginaryFlow,PIPE-002,2025-09-30,PIPE-002-FTR-0032,Crack,4.35,2.2,22.74,62.05,High,True
ImaginaryFlow,PIPE-002,2025-09-30,PIPE-002-FTR-0033,Weld Anomaly,26.86,14.13,152.49,68.18,High,False
ImaginaryFlow,PIPE-002,2025-09-30,PIPE-002-FTR-0034,Crack,29.34,9.6,49.88,21.66,Low,False
ImaginaryFlow,PIPE-002,2025-09-30,PIPE-002-FTR-0035,Crack,37.27,5.36,180.63,91.87,Low,True
ImaginaryFlow,PIPE-002,2025-09-30,PIPE-002-FTR-0036,Crack,21.58,2.52,48.98,44.78,Medium,True
ImaginaryFlow,PIPE-002,2025-09-30,PIPE-002-FTR-0037,Dent,6.38,12.01,46.23,41.4,Low,False
ImaginaryFlow,PIPE-002,2025-09-30,PIPE-002-FTR-0038,Crack,14.19,9.49,16.94,54.3,Low,True
ImaginaryFlow,PIPE-002,2025-09-30,PIPE-002-FTR-0039,Crack,18.15,8.24,99.69,9.46,Medium,True
ImaginaryFlow,PIPE-002,2025-09-30,PIPE-002-FTR-0040,Weld Anomaly,32.3,13.46,117.32,20.8,Low,True
ImaginaryFlow,PIPE-002,2025-09-30,PIPE-002-FTR-0041,Crack,28.54,11.93,22.48,75.11,Low,True
ImaginaryFlow,PIPE-002,2025-09-30,PIPE-002-FTR-0042,Crack,17.8,2.7,157.35,12.87,Medium,True
ImaginaryFlow,PIPE-002,2025-09-30,PIPE-002-FTR-0043,Corrosion,49.33,5.02,96.12,62.3,Medium,False
ImaginaryFlow,PIPE-002,2025-09-30,PIPE-002-FTR-0044,Weld Anomaly,30.29,4.1,109.63,28.31,Medium,False
ImaginaryFlow,PIPE-002,2025-09-30,PIPE-002-FTR-0045,Weld Anomaly,11.86,11.29,93.74,41.98,High,True
ImaginaryFlow,PIPE-002,2025-09-30,PIPE-002-FTR-0046,Weld Anomaly,5.09,0.99,86.14,32.43,High,True
ImaginaryFlow,PIPE-002,2025-09-30,PIPE-002-FTR-0047,Weld Anomaly,7.64,8.76,116.33,38.79,Medium,True
ImaginaryFlow,PIPE-002,2025-09-30,PIPE-002-FTR-0048,Weld Anomaly,12.3,11.56,39.5,73.31,Medium,False
ImaginaryFlow,PIPE-002,2025-09-30,PIPE-002-FTR-0049,Weld Anomaly,8.03,13.21,44.57,33.23,Medium,True
ImaginaryFlow,PIPE-002,2025-09-30,PIPE-002-FTR-0050,Dent,9.33,5.46,173.74,58.81,High,False
ImaginaryFlow,PIPE-002,2025-09-30,PIPE-002-FTR-0051,Crack,14.25,12.41,189.76,50.22,High,False
ImaginaryFlow,PIPE-002,2025-09-30,PIPE-002-FTR-0052,Weld Anomaly,8.67,2.1,80.93,68.05,Low,False
ImaginaryFlow,PIPE-002,2025-09-30,PIPE-002-FTR-0053,Crack,44.84,12.77,61.44,94.0,Low,True
ImaginaryFlow,PIPE-002,2025-09-30,PIPE-002-FTR-0054,Crack,4.01,2.35,132.36,74.59,Medium,False
ImaginaryFlow,PIPE-002,2025-09-30,PIPE-002-FTR-0055,Dent,26.23,6.26,87.66,25.42,High,True
ImaginaryFlow,PIPE-002,2025-09-30,PIPE-002-FTR-0056,Weld Anomaly,20.52,12.06,14.82,7.96,High,False
ImaginaryFlow,PIPE-002,2025-09-30,PIPE-002-FTR-0057,Corrosion,49.12,2.67,39.67,29.92,High,True
ImaginaryFlow,PIPE-002,2025-09-30,PIPE-002-FTR-0058,Dent,5.6,3.82,146.03,61.53,Medium,False
ImaginaryFlow,PIPE-002,2025-09-30,PIPE-002-FTR-0059,Corrosion,19.89,10.97,135.2,9.89,Low,True
ImaginaryFlow,PIPE-002,2025-09-30,PIPE-002-FTR-0060,Crack,48.47,10.94,15.15,52.15,Medium,False
ImaginaryFlow,PIPE-002,2025-09-30,PIPE-002-FTR-0061,Crack,43.28,9.8,52.17,61.7,Low,True
ImaginaryFlow,PIPE-002,2025-09-30,PIPE-002-FTR-0062,Dent,40.85,10.56,53.9,36.75,Low,True
ImaginaryFlow,PIPE-002,2025-09-30,PIPE-002-FTR-0063,Dent,12.9,8.37,137.66,78.24,Medium,True
ImaginaryFlow,PIPE-002,2025-09-30,PIPE-002-FTR-0064,Corrosion,8.54,4.15,13.75,15.13,Low,True
ImaginaryFlow,PIPE-002,2025-09-30,PIPE-002-FTR-0065,Weld Anomaly,33.43,5.51,29.78,12.14,Low,False
ImaginaryFlow,PIPE-002,2025-09-30,PIPE-002-FTR-0066,Corrosion,46.47,3.13,161.98,74.18,High,False
ImaginaryFlow,PIPE-002,2025-09-30,PIPE-002-FTR-0067,Dent,27.84,13.67,43.92,52.07,Low,True
ImaginaryFlow,PIPE-002,2025-09-30,PIPE-002-FTR-0068,Corrosion,28.58,8.96,134.02,70.4,Medium,False
ImaginaryFlow,PIPE-002,2025-09-30,PIPE-002-FTR-0069,Dent,14.0,6.31,55.25,46.31,Medium,True
ImaginaryFlow,PIPE-002,2025-09-30,PIPE-002-FTR-0070,Corrosion,38.47,7.2,28.89,28.41,Low,True
ImaginaryFlow,PIPE-002,2025-09-30,PIPE-002-FTR-0071,Dent,9.35,14.24,56.2,82.81,High,False
ImaginaryFlow,PIPE-002,2025-09-30,PIPE-002-FTR-0072,Dent,16.18,2.72,147.23,80.94,High,True
ImaginaryFlow,PIPE-002,2025-09-30,PIPE-002-FTR-0073,Dent,21.27,9.0,172.58,71.0,Low,True
ImaginaryFlow,PIPE-002,2025-09-30,PIPE-002-FTR-0074,Weld Anomaly,25.38,7.84,167.74,30.85,Low,False
ImaginaryFlow,PIPE-002,2025-09-30,PIPE-002-FTR-0075,Corrosion,12.12,9.37,85.46,61.07,Medium,True
ImaginaryFlow,PIPE-002,2025-09-30,PIPE-002-FTR-0076,Corrosion,5.74,0.76,136.94,39.29,Low,True
ImaginaryFlow,PIPE-002,2025-09-30,PIPE-002-FTR-0077,Corrosion,30.53,13.15,48.95,13.7,High,True
ImaginaryFlow,PIPE-002,2025-09-30,PIPE-002-FTR-0078,Dent,14.43,14.02,65.7,92.14,Low,True
ImaginaryFlow,PIPE-002,2025-09-30,PIPE-002-FTR-0079,Corrosion,29.06,8.69,180.3,18.0,Medium,False
ImaginaryFlow,PIPE-002,2025-09-30,PIPE-002-FTR-0080,Corrosion,7.72,10.6,12.47,95.27,Medium,False
ImaginaryFlow,PIPE-002,2025-09-30,PIPE-002-FTR-0081,Dent,24.06,13.88,26.25,47.37,Medium,False
ImaginaryFlow,PIPE-002,2025-09-30,PIPE-002-FTR-0082,Crack,26.63,10.75,49.5,22.59,Medium,True
ImaginaryFlow,PIPE-002,2025-09-30,PIPE-002-FTR-0083,Dent,2.59,2.71,15.04,56.48,Medium,True
ImaginaryFlow,PIPE-002,2025-09-30,PIPE-002-FTR-0084,Corrosion,16.83,8.86,44.47,87.93,Low,False
ImaginaryFlow,PIPE-002,2025-09-30,PIPE-002-FTR-0085,Dent,6.72,9.3,120.78,74.56,Low,True
ImaginaryFlow,PIPE-002,2025-09-30,PIPE-002-FTR-0086,Crack,3.17,6.65,90.07,81.62,Low,True
ImaginaryFlow,PIPE-002,2025-09-30,PIPE-002-FTR-0087,Dent,49.5,11.18,179.61,67.58,Low,True
ImaginaryFlow,PIPE-002,2025-09-30,PIPE-002-FTR-0088,Corrosion,16.12,14.05,165.31,70.77,Medium,True
ImaginaryFlow,PIPE-002,2025-09-30,PIPE-002-FTR-0089,Crack,40.49,13.92,74.95,85.67,High,False
ImaginaryFlow,PIPE-002,2025-09-30,PIPE-002-FTR-0090,Weld Anomaly,12.73,7.04,59.29,28.72,Low,False
ImaginaryFlow,PIPE-002,2025-09-30,PIPE-002-FTR-0091,Corrosion,34.08,2.14,82.14,51.5,High,False
ImaginaryFlow,PIPE-002,2025-09-30,PIPE-002-FTR-0092,Crack,38.01,14.78,122.16,26.01,Low,True
ImaginaryFlow,PIPE-002,2025-09-30,PIPE-002-FTR-0093,Crack,29.78,12.66,60.93,98.83,Low,False
ImaginaryFlow,PIPE-002,2025-09-30,PIPE-002-FTR-0094,Weld Anomaly,23.58,2.31,128.59,94.69,High,False
ImaginaryFlow,PIPE-002,2025-09-30,PIPE-002-FTR-0095,Dent,20.59,13.85,87.79,8.75,Medium,True
ImaginaryFlow,PIPE-002,2025-09-30,PIPE-002-FTR-0096,Dent,17.44,13.11,114.89,72.03,Low,True
ImaginaryFlow,PIPE-002,2025-09-30,PIPE-002-FTR-0097,Corrosion,46.48,8.02,92.86,92.9,Low,False
ImaginaryFlow,PIPE-002,2025-09-30,PIPE-002-FTR-0098,Weld Anomaly,41.53,9.07,65.95,22.15,Low,False
ImaginaryFlow,PIPE-002,2025-09-30,PIPE-002-FTR-0099,Dent,48.25,6.29,190.21,58.95,High,False
ImaginaryFlow,PIPE-002,2025-09-30,PIPE-002-FTR-0100,Weld Anomaly,6.21,1.29,155.09,91.97,Medium,False
PhantomPipes,PIPE-003,2025-09-30,PIPE-003-FTR-0001,Dent,8.97,11.75,85.82,66.66,Low,True
PhantomPipes,PIPE-003,2025-09-30,PIPE-003-FTR-0002,Weld Anomaly,37.68,14.15,173.02,36.2,Medium,False
PhantomPipes,PIPE-003,2025-09-30,PIPE-003-FTR-0003,Weld Anomaly,39.44,1.55,11.72,64.87,Low,True
PhantomPipes,PIPE-003,2025-09-30,PIPE-003-FTR-0004,Dent,8.69,8.25,121.8,62.93,Medium,True
PhantomPipes,PIPE-003,2025-09-30,PIPE-003-FTR-0005,Weld Anomaly,38.54,13.3,123.76,58.53,High,True
PhantomPipes,PIPE-003,2025-09-30,PIPE-003-FTR-0006,Dent,47.36,1.7,85.37,41.14,High,True
PhantomPipes,PIPE-003,2025-09-30,PIPE-003-FTR-0007,Dent,8.32,12.46,55.04,57.11,Low,True
PhantomPipes,PIPE-003,2025-09-30,PIPE-003-FTR-0008,Dent,38.55,5.69,54.59,61.67,Medium,True
PhantomPipes,PIPE-003,2025-09-30,PIPE-003-FTR-0009,Corrosion,35.43,5.17,177.9,56.84,High,False
PhantomPipes,PIPE-003,2025-09-30,PIPE-003-FTR-0010,Weld Anomaly,23.68,14.67,93.98,47.22,Medium,False
PhantomPipes,PIPE-003,2025-09-30,PIPE-003-FTR-0011,Dent,2.9,3.41,72.87,6.39,Medium,True
PhantomPipes,PIPE-003,2025-09-30,PIPE-003-FTR-0012,Weld Anomaly,3.73,10.55,95.27,60.77,Low,False
PhantomPipes,PIPE-003,2025-09-30,PIPE-003-FTR-0013,Corrosion,42.62,12.41,137.18,21.0,High,False
PhantomPipes,PIPE-003,2025-09-30,PIPE-003-FTR-0014,Dent,49.51,1.1,37.69,66.04,Low,False
PhantomPipes,PIPE-003,2025-09-30,PIPE-003-FTR-0015,Crack,33.8,10.22,95.39,77.14,Low,True
PhantomPipes,PIPE-003,2025-09-30,PIPE-003-FTR-0016,Corrosion,22.3,14.3,121.7,52.54,High,False
PhantomPipes,PIPE-003,2025-09-30,PIPE-003-FTR-0017,Crack,32.38,2.3,190.23,56.52,High,True
PhantomPipes,PIPE-003,2025-09-30,PIPE-003-FTR-0018,Weld Anomaly,29.72,13.5,57.98,95.39,Medium,False
PhantomPipes,PIPE-003,2025-09-30,PIPE-003-FTR-0019,Weld Anomaly,19.18,9.12,78.26,85.48,High,True
PhantomPipes,PIPE-003,2025-09-30,PIPE-003-FTR-0020,Corrosion,3.28,9.44,82.08,91.85,Medium,True
PhantomPipes,PIPE-003,2025-09-30,PIPE-003-FTR-0021,Weld Anomaly,41.08,9.39,125.05,82.31,Medium,False
PhantomPipes,PIPE-003,2025-09-30,PIPE-003-FTR-0022,Crack,18.59,4.83,77.78,15.35,Medium,False
PhantomPipes,PIPE-003,2025-09-30,PIPE-003-FTR-0023,Dent,40.94,14.06,111.37,19.15,High,True
PhantomPipes,PIPE-003,2025-09-30,PIPE-003-FTR-0024,Dent,12.63,14.24,158.54,55.03,Low,False
PhantomPipes,PIPE-003,2025-09-30,PIPE-003-FTR-0025,Dent,0.05,9.57,144.02,28.38,Medium,False
PhantomPipes,PIPE-003,2025-09-30,PIPE-003-FTR-0026,Corrosion,7.95,11.86,94.81,50.29,Low,False
PhantomPipes,PIPE-003,2025-09-30,PIPE-003-FTR-0027,Weld Anomaly,23.43,9.38,174.2,42.46,Low,True
PhantomPipes,PIPE-003,2025-09-30,PIPE-003-FTR-0028,Crack,47.22,7.52,116.05,57.19,High,True
PhantomPipes,PIPE-003,2025-09-30,PIPE-003-FTR-0029,Weld Anomaly,5.11,10.08,112.58,75.95,Low,False
PhantomPipes,PIPE-003,2025-09-30,PIPE-003-FTR-0030,Weld Anomaly,42.71,8.52,16.5,72.97,Low,False
PhantomPipes,PIPE-003,2025-09-30,PIPE-003-FTR-0031,Weld Anomaly,26.35,9.16,197.47,54.52,High,False
PhantomPipes,PIPE-003,2025-09-30,PIPE-003-FTR-0032,Dent,41.3,11.87,33.36,83.13,Medium,True
PhantomPipes,PIPE-003,2025-09-30,PIPE-003-FTR-0033,Crack,14.92,7.47,53.91,45.93,Low,True
PhantomPipes,PIPE-003,2025-09-30,PIPE-003-FTR-0034,Crack,42.0,1.09,19.82,90.19,High,False
PhantomPipes,PIPE-003,2025-09-30,PIPE-003-FTR-0035,Weld Anomaly,38.64,2.88,131.6,11.77,Low,False
PhantomPipes,PIPE-003,2025-09-30,PIPE-003-FTR-0036,Dent,11.5,6.86,52.69,95.69,Low,False
PhantomPipes,PIPE-003,2025-09-30,PIPE-003-FTR-0037,Dent,6.57,11.01,44.2,67.2,Medium,False
PhantomPipes,PIPE-003,2025-09-30,PIPE-003-FTR-0038,Crack,43.4,9.1,26.83,41.11,Low,False
PhantomPipes,PIPE-003,2025-09-30,PIPE-003-FTR-0039,Dent,48.16,9.93,29.63,23.73,High,False
PhantomPipes,PIPE-003,2025-09-30,PIPE-003-FTR-0040,Dent,1.57,7.45,121.09,50.52,Low,True
PhantomPipes,PIPE-003,2025-09-30,PIPE-003-FTR-0041,Dent,36.56,9.43,140.76,23.48,Medium,False
PhantomPipes,PIPE-003,2025-09-30,PIPE-003-FTR-0042,Corrosion,45.48,5.27,85.5,20.8,Medium,True
PhantomPipes,PIPE-003,2025-09-30,PIPE-003-FTR-0043,Weld Anomaly,42.87,7.32,101.18,63.65,High,False
PhantomPipes,PIPE-003,2025-09-30,PIPE-003-FTR-0044,Crack,48.23,11.29,140.33,54.69,Medium,False
PhantomPipes,PIPE-003,2025-09-30,PIPE-003-FTR-0045,Crack,38.0,13.14,13.3,68.66,Low,True
PhantomPipes,PIPE-003,2025-09-30,PIPE-003-FTR-0046,Corrosion,22.11,6.79,71.39,93.31,Medium,True
PhantomPipes,PIPE-003,2025-09-30,PIPE-003-FTR-0047,Weld Anomaly,15.6,1.13,194.89,55.56,High,True
PhantomPipes,PIPE-003,2025-09-30,PIPE-003-FTR-0048,Crack,16.04,2.84,120.22,60.19,Medium,True
PhantomPipes,PIPE-003,2025-09-30,PIPE-003-FTR-0049,Dent,36.22,0.8,58.3,13.51,Medium,False
PhantomPipes,PIPE-003,2025-09-30,PIPE-003-FTR-0050,Crack,37.29,9.97,109.13,73.18,Medium,True
PhantomPipes,PIPE-003,2025-09-30,PIPE-003-FTR-0051,Dent,10.02,5.32,75.1,42.99,High,False
PhantomPipes,PIPE-003,2025-09-30,PIPE-003-FTR-0052,Corrosion,43.41,8.37,111.13,97.79,Medium,True
PhantomPipes,PIPE-003,2025-09-30,PIPE-003-FTR-0053,Dent,35.75,7.65,33.89,83.2,Medium,False
PhantomPipes,PIPE-003,2025-09-30,PIPE-003-FTR-0054,Crack,28.14,1.68,35.22,54.64,Low,False
PhantomPipes,PIPE-003,2025-09-30,PIPE-003-FTR-0055,Crack,23.58,6.35,37.27,16.71,High,False
PhantomPipes,PIPE-003,2025-09-30,PIPE-003-FTR-0056,Crack,27.16,3.7,188.57,86.64,Medium,False
PhantomPipes,PIPE-003,2025-09-30,PIPE-003-FTR-0057,Corrosion,7.96,6.57,149.25,80.98,High,False
PhantomPipes,PIPE-003,2025-09-30,PIPE-003-FTR-0058,Corrosion,10.19,3.45,40.85,22.54,Medium,False
PhantomPipes,PIPE-003,2025-09-30,PIPE-003-FTR-0059,Weld Anomaly,4.56,12.69,45.79,33.05,Medium,True
PhantomPipes,PIPE-003,2025-09-30,PIPE-003-FTR-0060,Crack,7.68,3.03,148.86,80.37,Medium,False
PhantomPipes,PIPE-003,2025-09-30,PIPE-003-FTR-0061,Dent,22.68,14.43,39.67,22.6,Low,True
PhantomPipes,PIPE-003,2025-09-30,PIPE-003-FTR-0062,Corrosion,26.52,6.53,54.57,92.19,Low,True
PhantomPipes,PIPE-003,2025-09-30,PIPE-003-FTR-0063,Crack,0.89,12.77,193.04,45.33,Low,False
PhantomPipes,PIPE-003,2025-09-30,PIPE-003-FTR-0064,Crack,39.84,9.62,58.51,13.27,High,True
PhantomPipes,PIPE-003,2025-09-30,PIPE-003-FTR-0065,Corrosion,14.71,11.16,135.71,82.5,High,False
PhantomPipes,PIPE-003,2025-09-30,PIPE-003-FTR-0066,Weld Anomaly,45.59,11.63,195.94,40.48,Low,True
PhantomPipes,PIPE-003,2025-09-30,PIPE-003-FTR-0067,Corrosion,48.38,7.82,81.12,55.02,High,False
PhantomPipes,PIPE-003,2025-09-30,PIPE-003-FTR-0068,Corrosion,9.27,8.38,13.33,15.67,Medium,True
PhantomPipes,PIPE-003,2025-09-30,PIPE-003-FTR-0069,Dent,23.1,7.95,56.39,5.25,Medium,False
PhantomPipes,PIPE-003,2025-09-30,PIPE-003-FTR-0070,Dent,0.06,9.03,167.87,65.61,Medium,False
PhantomPipes,PIPE-003,2025-09-30,PIPE-003-FTR-0071,Weld Anomaly,29.92,0.93,174.28,53.94,Low,False
PhantomPipes,PIPE-003,2025-09-30,PIPE-003-FTR-0072,Crack,30.37,6.23,156.02,61.39,High,False
PhantomPipes,PIPE-003,2025-09-30,PIPE-003-FTR-0073,Corrosion,12.38,9.29,31.49,80.41,Low,True
PhantomPipes,PIPE-003,2025-09-30,PIPE-003-FTR-0074,Weld Anomaly,27.92,9.17,161.15,66.43,High,False
PhantomPipes,PIPE-003,2025-09-30,PIPE-003-FTR-0075,Dent,11.28,12.0,184.55,21.6,Medium,True
PhantomPipes,PIPE-003,2025-09-30,PIPE-003-FTR-0076,Corrosion,8.04,10.0,124.12,39.27,Low,True
PhantomPipes,PIPE-003,2025-09-30,PIPE-003-FTR-0077,Crack,32.58,14.89,188.77,91.06,High,True
PhantomPipes,PIPE-003,2025-09-30,PIPE-003-FTR-0078,Dent,16.3,4.62,167.1,78.14,High,False
PhantomPipes,PIPE-003,2025-09-30,PIPE-003-FTR-0079,Dent,29.51,5.71,136.72,57.88,Medium,True
PhantomPipes,PIPE-003,2025-09-30,PIPE-003-FTR-0080,Dent,21.66,6.07,119.67,29.29,Low,True
PhantomPipes,PIPE-003,2025-09-30,PIPE-003-FTR-0081,Weld Anomaly,49.22,7.25,76.23,33.7,Low,True
PhantomPipes,PIPE-003,2025-09-30,PIPE-003-FTR-0082,Crack,7.48,12.62,40.26,74.54,Low,False
PhantomPipes,PIPE-003,2025-09-30,PIPE-003-FTR-0083,Corrosion,23.23,3.92,124.94,85.86,Medium,False
PhantomPipes,PIPE-003,2025-09-30,PIPE-003-FTR-0084,Weld Anomaly,34.02,11.75,70.44,68.79,Low,True
PhantomPipes,PIPE-003,2025-09-30,PIPE-003-FTR-0085,Weld Anomaly,19.78,6.38,174.62,81.91,Medium,False
PhantomPipes,PIPE-003,2025-09-30,PIPE-003-FTR-0086,Weld Anomaly,48.73,9.23,198.73,77.83,Medium,False
PhantomPipes,PIPE-003,2025-09-30,PIPE-003-FTR-0087,Dent,36.09,9.67,152.96,19.22,Medium,True
PhantomPipes,PIPE-003,2025-09-30,PIPE-003-FTR-0088,Crack,32.85,5.91,27.19,45.27,High,True
PhantomPipes,PIPE-003,2025-09-30,PIPE-003-FTR-0089,Weld Anomaly,37.85,7.93,64.85,19.53,Low,False
PhantomPipes,PIPE-003,2025-09-30,PIPE-003-FTR-0090,Corrosion,47.63,6.49,30.73,27.35,Low,True
PhantomPipes,PIPE-003,2025-09-30,PIPE-003-FTR-0091,Crack,45.39,1.5,133.6,87.58,Medium,False
PhantomPipes,PIPE-003,2025-09-30,PIPE-003-FTR-0092,Corrosion,36.21,6.84,155.39,49.92,Medium,False
PhantomPipes,PIPE-003,2025-09-30,PIPE-003-FTR-0093,Crack,37.46,1.91,185.88,55.86,Low,False
PhantomPipes,PIPE-003,2025-09-30,PIPE-003-FTR-0094,Corrosion,7.3,6.37,93.25,21.95,Medium,False
PhantomPipes,PIPE-003,2025-09-30,PIPE-003-FTR-0095,Dent,5.14,9.1,181.26,34.67,Low,False
PhantomPipes,PIPE-003,2025-09-30,PIPE-003-FTR-0096,Weld Anomaly,28.55,8.9,176.8,26.87,High,False
PhantomPipes,PIPE-003,2025-09-30,PIPE-003-FTR-0097,Corrosion,0.92,10.11,70.27,24.59,Medium,True
PhantomPipes,PIPE-003,2025-09-30,PIPE-003-FTR-0098,Crack,24.12,1.88,175.09,65.61,Low,True
PhantomPipes,PIPE-003,2025-09-30,PIPE-003-FTR-0099,Weld Anomaly,10.52,9.96,81.38,29.4,Medium,False
PhantomPipes,PIPE-003,2025-09-30,PIPE-003-FTR-0100,Weld Anomaly,17.3,5.03,66.41,65.04,Low,False
GhostLine,PIPE-004,2025-09-30,PIPE-004-FTR-0001,Corrosion,48.79,13.82,199.69,85.75,Medium,False
GhostLine,PIPE-004,2025-09-30,PIPE-004-FTR-0002,Dent,40.08,4.16,187.29,68.56,Low,False
GhostLine,PIPE-004,2025-09-30,PIPE-004-FTR-0003,Weld Anomaly,47.98,11.45,132.09,48.92,Low,False
GhostLine,PIPE-004,2025-09-30,PIPE-004-FTR-0004,Crack,24.39,7.18,90.04,44.12,High,False
GhostLine,PIPE-004,2025-09-30,PIPE-004-FTR-0005,Corrosion,5.49,12.71,130.87,66.84,Medium,True
GhostLine,PIPE-004,2025-09-30,PIPE-004-FTR-0006,Weld Anomaly,27.4,11.06,159.27,56.82,Low,True
GhostLine,PIPE-004,2025-09-30,PIPE-004-FTR-0007,Dent,22.72,11.76,32.48,10.92,High,False
GhostLine,PIPE-004,2025-09-30,PIPE-004-FTR-0008,Crack,42.22,10.01,87.88,53.69,High,False
GhostLine,PIPE-004,2025-09-30,PIPE-004-FTR-0009,Corrosion,4.9,3.07,169.56,81.61,Medium,True
GhostLine,PIPE-004,2025-09-30,PIPE-004-FTR-0010,Corrosion,24.41,8.4,82.93,48.63,Medium,False
GhostLine,PIPE-004,2025-09-30,PIPE-004-FTR-0011,Weld Anomaly,7.5,14.78,118.66,9.94,High,True
GhostLine,PIPE-004,2025-09-30,PIPE-004-FTR-0012,Crack,16.23,14.09,121.68,79.7,Low,False
GhostLine,PIPE-004,2025-09-30,PIPE-004-FTR-0013,Crack,36.87,1.13,45.05,24.13,High,True
GhostLine,PIPE-004,2025-09-30,PIPE-004-FTR-0014,Crack,23.8,2.89,78.82,29.57,Medium,False
GhostLine,PIPE-004,2025-09-30,PIPE-004-FTR-0015,Crack,18.79,2.41,73.56,20.65,Low,False
GhostLine,PIPE-004,2025-09-30,PIPE-004-FTR-0016,Dent,19.72,11.03,14.98,36.37,Low,True
GhostLine,PIPE-004,2025-09-30,PIPE-004-FTR-0017,Crack,22.97,12.36,14.6,76.89,High,False
GhostLine,PIPE-004,2025-09-30,PIPE-004-FTR-0018,Corrosion,39.25,3.6,168.02,54.34,Medium,True
GhostLine,PIPE-004,2025-09-30,PIPE-004-FTR-0019,Corrosion,44.6,7.83,61.88,24.46,High,True
GhostLine,PIPE-004,2025-09-30,PIPE-004-FTR-0020,Dent,47.77,12.69,108.43,88.39,High,True
GhostLine,PIPE-004,2025-09-30,PIPE-004-FTR-0021,Corrosion,39.35,11.13,66.76,88.56,High,True
GhostLine,PIPE-004,2025-09-30,PIPE-004-FTR-0022,Corrosion,15.77,8.36,188.73,87.7,Low,True
GhostLine,PIPE-004,2025-09-30,PIPE-004-FTR-0023,Crack,34.41,9.06,59.27,27.69,Low,False
GhostLine,PIPE-004,2025-09-30,PIPE-004-FTR-0024,Corrosion,21.88,7.87,91.63,47.87,Medium,False
GhostLine,PIPE-004,2025-09-30,PIPE-004-FTR-0025,Dent,12.73,4.81,175.82,98.57,Medium,True
GhostLine,PIPE-004,2025-09-30,PIPE-004-FTR-0026,Crack,42.04,8.69,169.97,78.34,High,False
GhostLine,PIPE-004,2025-09-30,PIPE-004-FTR-0027,Weld Anomaly,1.92,10.49,45.36,7.58,High,True
GhostLine,PIPE-004,2025-09-30,PIPE-004-FTR-0028,Crack,45.09,13.16,162.5,11.19,High,False
GhostLine,PIPE-004,2025-09-30,PIPE-004-FTR-0029,Dent,23.07,9.73,97.06,49.07,Medium,False
GhostLine,PIPE-004,2025-09-30,PIPE-004-FTR-0030,Crack,31.86,11.54,101.76,91.38,Low,False
GhostLine,PIPE-004,2025-09-30,PIPE-004-FTR-0031,Crack,32.97,2.82,35.36,56.18,Low,False
GhostLine,PIPE-004,2025-09-30,PIPE-004-FTR-0032,Dent,44.76,7.19,25.31,52.29,High,True
GhostLine,PIPE-004,2025-09-30,PIPE-004-FTR-0033,Crack,31.83,0.64,148.31,15.02,High,True
GhostLine,PIPE-004,2025-09-30,PIPE-004-FTR-0034,Dent,30.7,4.08,104.33,67.39,High,False
GhostLine,PIPE-004,2025-09-30,PIPE-004-FTR-0035,Dent,3.33,11.03,93.0,83.1,High,False
GhostLine,PIPE-004,2025-09-30,PIPE-004-FTR-0036,Weld Anomaly,25.92,14.88,148.61,41.14,Medium,True
GhostLine,PIPE-004,2025-09-30,PIPE-004-FTR-0037,Corrosion,7.51,1.94,155.45,78.68,Low,False
GhostLine,PIPE-004,2025-09-30,PIPE-004-FTR-0038,Corrosion,36.87,6.32,40.19,96.63,High,True
GhostLine,PIPE-004,2025-09-30,PIPE-004-FTR-0039,Crack,25.61,12.1,125.94,24.36,Medium,True
GhostLine,PIPE-004,2025-09-30,PIPE-004-FTR-0040,Crack,34.01,3.46,35.72,54.72,High,True
GhostLine,PIPE-004,2025-09-30,PIPE-004-FTR-0041,Weld Anomaly,2.08,8.55,152.76,32.28,High,False
GhostLine,PIPE-004,2025-09-30,PIPE-004-FTR-0042,Weld Anomaly,4.24,11.13,134.82,80.32,Low,True
GhostLine,PIPE-004,2025-09-30,PIPE-004-FTR-0043,Weld Anomaly,35.82,9.43,191.76,59.87,High,False
GhostLine,PIPE-004,2025-09-30,PIPE-004-FTR-0044,Dent,3.6,3.23,23.1,65.29,Low,True
GhostLine,PIPE-004,2025-09-30,PIPE-004-FTR-0045,Weld Anomaly,3.56,5.65,20.84,80.8,Low,False
GhostLine,PIPE-004,2025-09-30,PIPE-004-FTR-0046,Weld Anomaly,0.61,11.86,63.62,42.62,Low,False
GhostLine,PIPE-004,2025-09-30,PIPE-004-FTR-0047,Crack,47.83,8.54,59.72,91.93,Medium,False
GhostLine,PIPE-004,2025-09-30,PIPE-004-FTR-0048,Weld Anomaly,36.88,0.58,56.93,55.64,Medium,True
GhostLine,PIPE-004,2025-09-30,PIPE-004-FTR-0049,Dent,17.66,11.53,182.19,20.01,Low,True
GhostLine,PIPE-004,2025-09-30,PIPE-004-FTR-0050,Dent,14.83,1.01,57.41,71.11,High,False
GhostLine,PIPE-004,2025-09-30,PIPE-004-FTR-0051,Crack,17.49,11.31,61.67,80.36,Low,False
GhostLine,PIPE-004,2025-09-30,PIPE-004-FTR-0052,Weld Anomaly,38.73,3.44,154.29,35.09,High,False
GhostLine,PIPE-004,2025-09-30,PIPE-004-FTR-0053,Weld Anomaly,33.07,14.39,95.45,86.43,Low,True
GhostLine,PIPE-004,2025-09-30,PIPE-004-FTR-0054,Dent,9.26,5.84,157.58,91.08,High,True
GhostLine,PIPE-004,2025-09-30,PIPE-004-FTR-0055,Weld Anomaly,8.71,5.24,22.42,31.31,Medium,True
GhostLine,PIPE-004,2025-09-30,PIPE-004-FTR-0056,Weld Anomaly,4.92,2.66,102.64,98.43,High,True
GhostLine,PIPE-004,2025-09-30,PIPE-004-FTR-0057,Weld Anomaly,33.02,4.93,16.39,18.37,Low,False
GhostLine,PIPE-004,2025-09-30,PIPE-004-FTR-0058,Corrosion,38.22,13.21,21.9,24.19,Medium,False
GhostLine,PIPE-004,2025-09-30,PIPE-004-FTR-0059,Crack,13.25,14.95,182.22,22.5,High,True
GhostLine,PIPE-004,2025-09-30,PIPE-004-FTR-0060,Corrosion,1.05,5.84,36.46,89.93,High,True
GhostLine,PIPE-004,2025-09-30,PIPE-004-FTR-0061,Crack,4.11,7.0,111.16,67.16,High,False
GhostLine,PIPE-004,2025-09-30,PIPE-004-FTR-0062,Dent,48.39,10.97,88.11,19.45,High,True
GhostLine,PIPE-004,2025-09-30,PIPE-004-FTR-0063,Weld Anomaly,14.77,13.35,76.0,46.83,High,True
GhostLine,PIPE-004,2025-09-30,PIPE-004-FTR-0064,Crack,38.46,9.1,180.97,63.45,Medium,True
GhostLine,PIPE-004,2025-09-30,PIPE-004-FTR-0065,Corrosion,31.23,6.18,14.15,12.93,Medium,True
GhostLine,PIPE-004,2025-09-30,PIPE-004-FTR-0066,Weld Anomaly,19.1,6.48,136.12,88.83,Medium,True
GhostLine,PIPE-004,2025-09-30,PIPE-004-FTR-0067,Dent,10.28,10.59,193.04,81.34,Medium,True
GhostLine,PIPE-004,2025-09-30,PIPE-004-FTR-0068,Crack,6.07,0.55,116.43,52.99,Low,False
GhostLine,PIPE-004,2025-09-30,PIPE-004-FTR-0069,Crack,30.75,9.48,188.0,96.88,Medium,True
GhostLine,PIPE-004,2025-09-30,PIPE-004-FTR-0070,Crack,38.73,5.65,19.93,44.69,High,True
GhostLine,PIPE-004,2025-09-30,PIPE-004-FTR-0071,Weld Anomaly,32.2,12.02,89.57,98.49,High,False
GhostLine,PIPE-004,2025-09-30,PIPE-004-FTR-0072,Corrosion,26.52,1.85,59.43,68.45,Medium,False
GhostLine,PIPE-004,2025-09-30,PIPE-004-FTR-0073,Corrosion,2.1,9.03,148.86,65.29,High,False
GhostLine,PIPE-004,2025-09-30,PIPE-004-FTR-0074,Crack,48.42,7.47,196.45,20.77,Medium,True
GhostLine,PIPE-004,2025-09-30,PIPE-004-FTR-0075,Dent,39.94,9.81,58.74,88.78,High,False
GhostLine,PIPE-004,2025-09-30,PIPE-004-FTR-0076,Dent,14.64,1.44,134.29,45.61,Low,True
GhostLine,PIPE-004,2025-09-30,PIPE-004-FTR-0077,Corrosion,49.0,8.91,47.64,20.41,Low,True
GhostLine,PIPE-004,2025-09-30,PIPE-004-FTR-0078,Dent,30.09,8.64,117.41,6.2,Medium,True
GhostLine,PIPE-004,2025-09-30,PIPE-004-FTR-0079,Corrosion,29.12,8.63,98.15,58.18,Medium,False
GhostLine,PIPE-004,2025-09-30,PIPE-004-FTR-0080,Crack,37.4,9.25,194.68,55.1,Medium,False
GhostLine,PIPE-004,2025-09-30,PIPE-004-FTR-0081,Corrosion,40.59,10.31,125.62,73.34,High,False
GhostLine,PIPE-004,2025-09-30,PIPE-004-FTR-0082,Corrosion,32.82,12.17,76.41,89.57,Medium,False
GhostLine,PIPE-004,2025-09-30,PIPE-004-FTR-0083,Crack,6.4,4.41,31.68,12.54,Low,False
GhostLine,PIPE-004,2025-09-30,PIPE-004-FTR-0084,Dent,16.91,12.46,38.74,74.49,High,True
GhostLine,PIPE-004,2025-09-30,PIPE-004-FTR-0085,Corrosion,46.4,7.72,52.81,22.8,Medium,True
GhostLine,PIPE-004,2025-09-30,PIPE-004-FTR-0086,Corrosion,11.23,1.62,57.68,86.53,High,True
GhostLine,PIPE-004,2025-09-30,PIPE-004-FTR-0087,Crack,18.61,1.35,171.62,82.81,High,True
GhostLine,PIPE-004,2025-09-30,PIPE-004-FTR-0088,Dent,21.6,5.35,116.63,56.38,Medium,False
GhostLine,PIPE-004,2025-09-30,PIPE-004-FTR-0089,Corrosion,21.97,11.88,109.44,72.47,High,False
GhostLine,PIPE-004,2025-09-30,PIPE-004-FTR-0090,Crack,30.65,10.76,31.81,34.86,Low,True
GhostLine,PIPE-004,2025-09-30,PIPE-004-FTR-0091,Corrosion,47.15,11.93,173.43,49.76,Low,False
GhostLine,PIPE-004,2025-09-30,PIPE-004-FTR-0092,Weld Anomaly,12.03,8.0,147.33,83.06,High,False
GhostLine,PIPE-004,2025-09-30,PIPE-004-FTR-0093,Crack,6.08,6.88,22.86,48.63,Medium,True
GhostLine,PIPE-004,2025-09-30,PIPE-004-FTR-0094,Dent,9.87,2.64,144.49,38.99,High,True
GhostLine,PIPE-004,2025-09-30,PIPE-004-FTR-0095,Dent,44.35,5.26,113.27,51.95,Low,False
GhostLine,PIPE-004,2025-09-30,PIPE-004-FTR-0096,Dent,32.29,6.79,25.53,83.68,High,False
GhostLine,PIPE-004,2025-09-30,PIPE-004-FTR-0097,Dent,14.3,1.78,97.08,36.84,High,True
GhostLine,PIPE-004,2025-09-30,PIPE-004-FTR-0098,Corrosion,40.8,3.7,102.09,21.51,Low,True
GhostLine,PIPE-004,2025-09-30,PIPE-004-FTR-0099,Corrosion,43.07,9.17,41.5,72.64,High,True
GhostLine,PIPE-004,2025-09-30,PIPE-004-FTR-0100,Dent,42.33,11.17,189.68,83.47,High,False
